1,94.8036994506836,69.47200354003905,94.20500000000001,99.98379945068359,88.26600354003907,100.494,81.08529945068359,83.29100354003907,86.12700000000001,91.28729945068359,73.71200354003906,114.852,72.7031994506836,69.39000354003906,99.452,77.03119945068359,89.89600354003906,105.107
10,85.83030046386719,54.48199365234376,85.31899694824219,91.70350046386719,69.58899365234376,96.03299694824219,78.97040046386718,71.47799365234374,84.18699694824218,82.34730046386719,54.47199365234374,107.34699694824218,65.84190046386719,58.093993652343755,93.23499694824218,75.4734004638672,74.10699365234376,102.8219969482422
100,102.44140091552734,90.07700854492188,65.72800000000001,106.34340091552734,106.46700854492187,74.11399999999998,93.14850091552735,104.05100854492187,59.408000000000015,97.91660091552734,92.26400854492186,83.56599999999997,82.30450091552734,90.92400854492186,67.64499999999998,87.56840091552735,108.18200854492187,75.43799999999999
101,75.65520119628906,60.84999792480468,104.138,82.62380119628907,72.1749979248047,112.43700000000001,70.05950119628906,79.09499792480469,99.922,72.10410119628907,61.314997924804686,122.511,54.55160119628906,65.99399792480469,109.99000000000001,66.26940119628907,81.9059979248047,120.57
102,75.23680178833007,61.309996337890624,97.01799389648437,79.89320178833007,78.19099633789062,103.15999389648437,63.798201788330076,75.38799633789063,89.65199389648438,72.42690178833007,65.92299633789062,116.18799389648437,56.50300178833008,60.92399633789063,103.63199389648437,60.21740178833008,79.97899633789064,110.49899389648438
103,78.06329985961914,61.04700122070312,86.90995117187504,86.33899985961915,74.10800122070313,93.56995117187489,71.23739985961915,75.43200122070311,78.47995117187497,75.65239985961914,63.03500122070312,104.02995117187493,59.77139985961914,62.270001220703136,89.65995117187504,68.32889985961914,81.40600122070313,97.27995117187493
104,82.17199733886719,84.88600415039062,95.53601220703126,93.51339733886718,100.77700415039064,103.66101220703126,73.93899733886718,103.53100415039063,87.84601220703124,80.9675973388672,89.35400415039064,119.32501220703125,59.04429733886719,90.41200415039063,104.52501220703124,71.39219733886719,110.55500415039063,111.40601220703124
105,85.64219779052735,73.41900024414062,75.40600076293946,93.53229779052734,88.69300024414062,83.66200076293944,78.98749779052734,91.48700024414063,72.26500076293945,85.05559779052734,74.66600024414063,98.44600076293946,64.75169779052734,76.67700024414063,85.75800076293945,75.71479779052734,94.86100024414063,93.28200076293945
106,94.81770109863281,112.42298583984376,73.03995117187492,99.73940109863281,133.19198583984374,83.02995117187493,87.85840109863281,128.96498583984376,59.93995117187501,83.29630109863281,120.13998583984375,94.89995117187505,66.46120109863281,117.92498583984374,70.76995117187494,74.03880109863282,140.36398583984376,79.59995117187509
107,83.50519788818359,84.09199707031249,58.63000000000011,90.6278978881836,102.52599707031251,70.81999999999994,72.14649788818359,99.6489970703125,51.76999999999998,77.1185978881836,89.4979970703125,82.16000000000008,60.468197888183596,83.65799707031249,67.77999999999997,65.9022978881836,106.15599707031251,74.09999999999991
108,116.60979742431641,97.58201513671875,66.59995117187509,116.32049742431641,112.21101513671874,81.87995117187506,108.0941974243164,119.87301513671875,64.53995117187492,103.4913974243164,91.05601513671874,87.52995117187493,92.86829742431641,98.40801513671875,64.04995117187491,92.11699742431641,115.75001513671876,81.3099511718749
109,88.01799916992188,80.38800244140626,71.80699694824219,94.47699916992187,93.70200244140625,79.49199694824219,80.59219916992187,94.37000244140626,61.395996948242185,81.92799916992188,83.64900244140625,90.96099694824221,64.97149916992187,83.34600244140626,73.95499694824218,71.71959916992188,103.07800244140626,83.01899694824218
11,88.60349862060546,73.9449942626953,86.81899999999999,96.28909862060547,89.9569942626953,95.68,78.84339862060547,92.22099426269531,82.548,88.65789862060547,76.70799426269531,109.394,66.67619862060548,77.9749942626953,95.14699999999999,78.48969862060547,98.20299426269531,105.08100000000002
110,87.05650192871093,77.30801391601562,103.63901220703124,91.78460192871094,95.54301391601564,110.33701220703125,76.93900192871094,91.75601391601563,96.76101220703126,83.70340192871095,82.54001391601562,125.14001220703125,65.05030192871094,77.71401391601563,108.08801220703126,70.71820192871094,100.13201391601564,113.26201220703126
111,101.85370091552734,97.88100854492188,69.24499980926514,106.50240091552735,118.10000854492188,72.32719980926514,89.08950091552734,112.13400854492187,62.657599809265136,101.92890091552735,104.73700854492188,91.53549980926513,77.66780091552734,100.39800854492188,79.56329980926513,84.69380091552735,121.65900854492187,81.23989980926514
112,96.11660115356446,74.73700415039062,86.89501220703124,101.62240115356445,93.86900415039062,98.98101220703126,83.64930115356445,95.19700415039063,85.34701220703124,91.93110115356446,76.77900415039062,109.50701220703124,71.83490115356446,75.54100415039062,99.04301220703124,81.42700115356445,94.27700415039064,108.73201220703126
113,71.03560174560548,56.89100610351562,69.78995117187492,75.34180174560547,73.03400610351562,73.81995117187489,60.64710174560547,71.90600610351564,62.10995117187508,66.55700174560548,61.09100610351564,88.53995117187492,48.672301745605466,59.30500610351564,74.63995117187505,54.93190174560547,77.58400610351563,78.98995117187496
114,104.41160202636719,83.15300366210937,99.01997558593757,111.6801020263672,104.61800366210937,106.88997558593746,89.75100202636719,97.95600366210937,88.19997558593741,98.91830202636719,91.85400366210936,123.81997558593753,79.87540202636718,84.00700366210938,107.55997558593754,85.49670202636719,107.05500366210939,110.53997558593755
115,97.77800275878906,92.39099267578126,86.31999999999994,101.54010275878906,109.61799267578124,95.40000000000009,87.72890275878906,110.73199267578124,79.67000000000007,89.06100275878906,93.85999267578126,108.54999999999995,71.58870275878907,95.39599267578126,90.97000000000003,80.11590275878906,113.50099267578125,101.07999999999993
116,84.19510101318359,70.65000183105468,88.92460076293945,88.5455010131836,89.87800183105469,95.25840076293946,71.6230010131836,84.91200183105468,82.20850076293945,79.4377010131836,77.3020018310547,110.76090076293946,63.324801013183595,71.65600183105468,95.77510076293945,66.95710101318359,90.58100183105469,100.51790076293946
117,71.74440137939453,83.52100573730468,89.09995117187509,79.58410137939453,101.51200573730469,98.72995117187497,62.44940137939453,100.63400573730468,86.699951171875,71.17720137939453,85.00300573730468,111.56995117187489,51.92070137939453,86.86900573730469,97.73995117187496,59.67760137939453,104.66000573730469,107.199951171875
118,100.7879984375,89.02298999023438,62.20899694824219,96.1977984375,108.41698999023438,66.33599694824218,87.4541984375,98.78598999023438,51.889996948242185,89.43569843750001,95.22998999023437,83.01359694824218,79.2491984375,79.91398999023437,63.76699694824218,74.5372984375,103.57898999023436,65.20799694824218
119,82.6708005065918,73.28499914550781,56.83799389648436,83.6220005065918,90.9149991455078,64.84899389648439,72.7419005065918,86.22099914550782,48.83099389648439,74.1441005065918,76.51899914550782,75.45299389648437,61.8738005065918,71.07299914550782,57.885993896484365,62.7388005065918,90.72799914550782,63.82299389648438
12,95.3636984375,91.91498999023437,74.8230122070313,101.2785984375,109.29698999023438,87.69201220703121,88.4259984375,112.43598999023436,67.0630122070313,85.5909984375,94.34898999023437,95.48001220703122,68.4677984375,98.09398999023438,75.5250122070313,80.1788984375,116.18198999023437,89.14101220703128
120,90.68809733886718,97.85500415039061,95.50101220703124,95.90059733886719,119.40800415039064,101.10801220703124,79.13059733886719,113.82800415039063,85.38001220703126,86.27909733886719,105.46600415039063,118.94401220703125,65.57899733886718,101.79400415039063,102.30601220703124,73.57779733886719,123.08400415039063,105.71001220703124
121,88.55210109863282,80.06200463867188,83.32999999999993,96.05390109863282,94.56800463867188,93.38000000000011,86.53300109863281,98.78300463867188,75.57999999999993,79.05350109863281,82.76800463867187,106.25,63.047701098632814,90.49700463867188,81.57999999999993,76.50690109863281,106.68900463867186,93.3900000000001
122,100.3828989868164,60.61199816894532,81.07995117187511,101.67259898681641,85.45699816894532,91.59995117187509,83.5452989868164,80.6979981689453,74.18995117187501,91.9377989868164,69.7389981689453,105.14995117187505,74.2995989868164,62.68899816894532,90.49995117187495,79.95519898681641,86.18299816894532,96.77995117187493
123,75.24350014038086,60.44500231933594,93.00004882812505,81.09030014038086,73.84400231933594,101.24004882812505,65.82410014038086,76.19800231933593,87.33004882812497,69.31940014038086,62.021002319335935,112.43004882812511,55.32270014038086,61.037002319335926,98.02004882812503,60.64690014038086,77.42700231933594,106.85004882812495
124,90.22119862060546,69.0349942626953,73.64239997615815,99.22119862060546,82.30099426269533,80.53829997615814,86.52409862060547,88.44199426269532,65.82929997615814,86.73309862060546,73.1479942626953,93.41119997615814,69.49699862060547,80.55099426269533,77.32789997615814,81.13889862060547,94.79199426269531,83.77019997615814
125,81.0945974243164,64.73000341796876,77.5599511718749,86.60809742431641,78.85100341796874,87.86995117187507,71.20169742431641,80.04800341796874,72.53995117187492,77.2716974243164,66.83100341796876,97.48995117187496,61.11719742431641,64.33300341796874,83.64995117187505,67.7593974243164,83.23900341796875,92.12995117187506
13,104.04169788818359,80.0049970703125,57.200000000000045,111.6462978881836,99.15799707031249,70.98000000000002,99.36259788818359,101.92499707031249,53.40000000000009,95.05959788818359,81.9639970703125,80.24000000000001,78.13199788818359,88.13199707031251,60.50999999999999,90.3516978881836,106.4329970703125,73.05999999999995
14,86.2689984375,87.14098999023437,84.7084,94.6726984375,107.70398999023436,92.7187,77.0588984375,104.52098999023437,74.8041,82.6517984375,93.15898999023437,106.4383,60.8652984375,90.94298999023437,90.6182,70.2959984375,113.98298999023439,96.0278
15,96.9245974243164,96.10701513671876,67.61995117187507,105.3633974243164,112.35901513671874,78.67995117187502,91.6684974243164,117.38101513671876,59.769951171874936,88.99719742431641,99.28301513671875,89.68995117187501,71.0876974243164,101.87901513671875,69.90995117187504,81.02879742431641,122.53001513671876,80.54995117187491
16,71.13570014038086,62.48400231933593,89.66001220703129,79.50250014038086,78.01400231933593,102.56001220703115,65.87490014038086,83.53100231933593,84.37001220703132,64.18840014038086,62.71200231933594,111.87001220703132,44.22130014038086,67.42400231933593,92.69001220703126,58.076000140380856,85.51500231933593,106.95001220703125
17,95.68009916992187,71.77600244140626,74.82996582031251,103.27359916992188,88.40200244140624,87.30996582031253,86.42339916992188,91.27700244140624,67.90996582031244,88.61979916992188,73.29900244140626,97.78996582031255,68.64379916992188,75.53100244140626,80.87996582031246,78.62649916992187,96.49400244140625,92.1999658203124
18,85.22820358886719,67.97300195312499,71.20899694824217,92.26270358886718,86.683001953125,80.2859969482422,75.14580358886718,81.42900195312501,64.1359969482422,80.10630358886719,71.391001953125,96.3629969482422,61.74200358886719,68.944001953125,76.28699694824218,67.87490358886718,90.12600195312501,86.9159969482422
19,92.92639733886719,81.91800415039063,84.28998779296876,99.5138973388672,97.44900415039064,97.83998779296871,83.7479973388672,101.66300415039063,78.05998779296874,86.51079733886719,81.92700415039062,107.69998779296884,67.53519733886719,81.02400415039062,88.75998779296879,77.46429733886718,103.97000415039062,103.18998779296885
2,86.68580050659179,72.11799914550781,85.34995117187509,91.64050050659179,86.8369991455078,93.47995117187497,76.4335005065918,84.12399914550781,80.27995117187493,83.0327005065918,72.8019991455078,103.70995117187499,65.9651005065918,70.6709991455078,90.03995117187492,71.80910050659179,88.0039991455078,96.14995117187505
20,76.72230119628907,51.621997924804674,68.59995117187509,87.12690119628905,59.36099792480468,81.70995117187499,76.51620119628906,69.25999792480468,67.54995117187491,69.69470119628906,52.33399792480469,86.65995117187504,59.01020119628906,63.530997924804694,72.60995117187508,71.83230119628907,70.87299792480468,86.98995117187496
21,90.23049788818359,87.4829970703125,64.83999999999992,97.46889788818359,106.25699707031251,76.31999999999994,78.8123978881836,108.7839970703125,59.680000000000064,87.53309788818359,87.1539970703125,90.75,57.141097888183594,90.12799707031249,74.53999999999996,71.1065978881836,115.10399707031249,86.0
22,89.18630220947266,71.81099975585937,81.49201220703128,94.35160220947266,81.32599975585939,94.2360122070312,85.70140220947266,86.31799975585938,78.45601220703122,81.12570220947265,69.74199975585938,101.88301220703124,68.83220220947265,75.17999975585937,81.18501220703126,76.78020220947266,90.03399975585938,93.33501220703124
23,104.04159898681641,91.26201342773439,96.15995117187504,105.24629898681641,108.41001342773438,104.47995117187497,93.6222989868164,106.16201342773437,81.72995117187497,90.76669898681641,92.78301342773437,116.01995117187494,73.0854989868164,85.83301342773439,94.48995117187496,80.4753989868164,113.17801342773438,104.54995117187491
24,82.35279908447265,72.30400671386718,76.92995117187502,87.24169908447266,93.02900671386718,88.8399511718751,70.65839908447265,91.6110067138672,70.72995117187497,75.48829908447266,76.1460067138672,100.89995117187505,58.898099084472655,73.9080067138672,82.92995117187502,65.41059908447266,95.28000671386718,92.79995117187491
25,77.7093015197754,59.41200451660157,79.66995117187503,79.86410151977539,78.03000451660157,90.04995117187491,65.1468015197754,76.43300451660156,72.86995117187507,70.1174015197754,63.73300451660157,103.32995117187511,53.43690151977539,56.04300451660157,84.0899511718751,55.22530151977539,81.59200451660155,93.52995117187493
26,93.24460220947266,71.37699975585937,63.91995117187503,98.20950220947266,91.72899975585938,68.20995117187499,83.37450220947265,86.28199975585937,49.399951171875045,87.40260220947266,80.43699975585938,83.68995117187501,67.24890220947266,72.74199975585938,64.87995117187506,75.64550220947265,97.13699975585936,66.3399511718751
27,141.66549896240235,97.56200659179689,74.50899389648438,146.43759896240235,117.11500659179688,80.02699389648438,126.79779896240234,112.38400659179686,63.13699389648437,136.48519896240234,104.77400659179688,95.79299389648438,119.28419896240234,96.64600659179686,81.56199389648438,121.66629896240235,118.65200659179686,85.88199389648437
28,106.55130073242188,102.53398901367189,94.30799694824219,117.71520073242188,121.75798901367187,102.99229694824218,96.44000073242188,124.24898901367189,84.27289694824219,103.29390073242187,111.35998901367188,118.82129694824219,80.25380073242188,108.88198901367187,102.99049694824218,94.42410073242188,130.86398901367187,109.83399694824219
29,107.39199622802735,68.38099377441407,63.55499694824218,112.49109622802735,84.85699377441406,74.67599694824219,96.99259622802734,85.47099377441407,57.351996948242174,103.65109622802734,68.26499377441405,86.5659969482422,82.63679622802735,68.56099377441407,65.80199694824219,89.56999622802735,89.62499377441407,79.4289969482422
3,89.58310073242188,53.77300073242188,89.93004882812511,95.71630073242187,68.66100073242188,98.6900488281251,82.60760073242187,70.07400073242187,84.29004882812501,84.20900073242187,55.40200073242187,108.83004882812497,68.95000073242187,55.701000732421875,94.59004882812496,75.93880073242187,74.78400073242187,102.34004882812496
30,108.26169926757812,76.04799926757812,83.04995117187491,112.81399926757813,90.41799926757812,95.89995117187505,101.89969926757813,92.42099926757811,76.37995117187506,99.06339926757812,73.88099926757812,109.09995117187509,78.60439926757813,75.31199926757813,86.50995117187495,88.14389926757812,98.96199926757814,99.43995117187501
31,79.4828015625,66.49199475097657,83.46995117187498,84.8342015625,85.37599475097656,92.949951171875,71.7312015625,82.42399475097656,78.57995117187511,73.2714015625,70.06799475097657,104.40995117187504,55.9688015625,68.42699475097658,88.53995117187492,65.1246015625,88.82599475097658,96.18995117187501
32,70.72570119628907,64.79099792480469,73.686,78.15090119628906,81.31999792480468,79.433,61.386001196289065,81.23199792480469,67.78800000000001,69.18170119628907,70.0739979248047,91.701,53.06240119628906,69.0309979248047,81.64,61.46780119628906,85.76099792480468,84.699
33,77.77019733886719,72.51000415039061,71.79201220703126,82.80199733886718,92.12100415039063,81.00901220703125,66.66089733886719,87.96200415039061,63.66201220703124,69.87079733886719,77.81000415039063,95.70301220703124,51.20289733886719,74.38800415039063,78.28701220703124,58.99009733886719,95.04200415039062,84.16401220703125
34,82.43759880371094,66.36400561523436,71.78299999999999,86.14779880371094,78.86000561523437,79.78,74.32209880371093,82.29000561523438,64.5,73.92449880371093,65.88000561523438,91.06700000000001,58.316898803710934,66.41700561523439,73.999,66.31769880371094,84.85700561523439,84.155
35,88.64689788818359,89.65099707031251,87.05099999999999,97.9026978881836,106.2909970703125,93.334,76.7544978881836,105.5599970703125,81.858,89.00919788818359,94.2479970703125,108.918,69.3383978881836,91.4869970703125,97.66900000000001,78.7678978881836,111.04499707031249,102.75299999999999
36,87.77349733886719,85.76300415039063,73.50995117187495,99.21669733886719,101.21400415039062,83.0899511718751,84.95789733886718,108.00900415039064,71.46995117187498,86.55419733886718,88.96300415039062,95.81995117187489,65.28709733886718,95.41000415039062,85.46995117187498,82.5480973388672,112.02100415039064,92.07995117187511
37,89.31660137939453,83.09499047851563,69.24099694824218,93.56930137939453,105.02399047851563,80.88199694824218,73.58630137939453,101.25799047851564,66.39699694824219,86.57870137939453,86.77499047851563,93.01899694824218,68.64040137939453,81.65799047851561,80.67499694824218,74.29340137939454,103.68599047851563,88.6539969482422
38,88.51040133666993,71.91099316406249,105.69000610351563,88.31370133666992,92.90899316406251,108.26800610351563,70.80100133666993,84.44099316406249,92.20900610351563,82.07830133666992,80.4659931640625,127.06700610351562,65.10110133666993,67.08199316406251,113.50100610351564,65.54380133666993,93.70299316406249,115.15300610351562
39,96.13459880371094,92.32198681640625,95.20599389648439,105.59829880371093,113.31898681640624,104.89199389648437,90.40349880371093,114.95298681640625,83.21499389648437,90.01539880371094,100.45398681640626,115.55699389648439,71.83479880371094,102.90498681640625,98.76699389648437,83.77859880371093,119.40298681640624,106.31299389648439
4,70.53400151977539,67.18500451660157,88.13440305175781,75.8146015197754,80.51000451660155,94.8674030517578,61.12500151977539,82.23400451660157,79.71880305175782,66.5304015197754,68.37800451660155,108.51830305175781,51.166501519775395,67.88500451660155,91.77790305175782,57.36550151977539,85.68800451660155,97.81460305175781
40,89.56109733886719,93.35800415039063,59.737012207031256,94.54699733886719,111.27800415039061,72.40401220703126,74.55429733886719,112.29800415039062,56.60201220703124,86.33619733886718,95.70700415039062,83.43501220703126,65.30969733886718,94.78600415039062,70.18301220703125,73.36209733886719,114.92700415039062,78.93001220703124
41,83.10870133666992,64.1819931640625,105.60399694824218,85.03450133666992,80.77299316406251,110.5299969482422,69.64200133666992,73.0629931640625,97.96799694824219,79.05380133666992,67.0559931640625,123.96099694824218,65.27930133666992,56.685993164062495,111.19799694824218,62.833501336669926,78.6449931640625,115.6539969482422
42,97.35370192871093,100.30401391601563,88.03960000000001,102.39730192871093,112.07501391601562,94.11869999999999,90.03830192871094,113.96601391601561,79.5827,91.57030192871093,101.99601391601561,108.2067,72.66720192871094,99.77401391601563,91.4919,81.84960192871094,121.53101391601564,99.9739
43,83.03189876098632,56.5830001220703,86.19800610351564,85.34479876098632,72.57900012207031,94.29700610351563,68.70619876098633,70.6600001220703,81.38900610351561,80.68149876098633,57.36100012207032,110.36500610351561,60.63809876098633,52.169000122070315,93.00100610351564,65.45979876098633,74.15800012207032,102.85300610351561
44,84.05549884643554,59.691995849609384,73.70995117187499,89.64699884643555,73.89799584960937,88.48995117187496,75.04429884643555,79.92699584960937,69.18995117187501,77.01349884643555,59.32399584960939,96.73995117187496,58.343498846435544,61.231995849609376,76.62995117187506,66.50669884643554,81.59699584960939,89.84995117187509
45,88.36779916992188,80.88100244140625,77.51399694824218,90.85309916992188,100.73400244140626,95.42499694824218,80.80419916992187,103.10000244140625,69.44499694824219,76.14539916992187,82.41000244140625,100.8029969482422,62.84309916992188,82.88400244140624,76.1069969482422,66.51139916992187,104.43600244140626,92.85299694824218
46,94.96080358886718,72.897001953125,94.37601220703124,102.67670358886718,84.19700195312501,105.03701220703124,90.27080358886718,88.13700195312501,91.17601220703125,92.56530358886718,72.129001953125,112.49601220703124,75.96950358886718,75.873001953125,97.70301220703124,85.31370358886718,90.14400195312501,109.66101220703126
47,93.94690202636718,101.15100366210939,51.09999999999991,101.3376020263672,118.65500366210938,58.1400000000001,88.76590202636719,118.24000366210939,41.299999999999955,86.32380202636719,107.58900366210938,71.53999999999996,71.14950202636719,107.54300366210938,53.17000000000007,82.0521020263672,127.34800366210936,56.91000000000008
48,92.79069724121094,62.188007324218745,82.513,93.61209724121093,82.27900732421875,90.768,75.99739724121093,76.56600732421876,76.34800000000001,88.62199724121093,63.960007324218736,104.60899999999998,68.56099724121094,58.62100732421874,88.21000000000001,70.22599724121093,81.62000732421876,96.51600000000002
49,92.6172989440918,81.05499267578125,61.72000000000003,96.4452989440918,102.92399267578125,70.80999999999995,80.9718989440918,96.18699267578126,51.38000000000011,86.8560989440918,84.85699267578124,80.6400000000001,68.2931989440918,80.33399267578125,63.32999999999993,74.42999894409179,103.26899267578125,71.68000000000006
5,78.07999963378906,72.08599963378907,62.42000000000007,81.60579963378906,88.34499963378906,72.01999999999998,66.67429963378906,86.54499963378908,58.22000000000003,73.72449963378907,73.25399963378905,84.02999999999997,56.215299633789066,69.53699963378907,67.01999999999998,60.95169963378906,90.13699963378906,76.59999999999991
50,94.42799890136719,66.49999536132813,85.85995117187508,101.76039890136718,81.80799536132812,90.98995117187496,86.62879890136719,80.22499536132813,75.37995117187506,90.38289890136718,73.64799536132813,107.90995117187504,73.6348989013672,69.39699536132812,90.85995117187508,81.94209890136719,90.61699536132812,94.3399511718751
51,108.00879797363281,108.92800805664064,86.89199694824218,113.60599797363281,124.84700805664062,90.80599694824218,94.77779797363281,124.11200805664063,75.3589969482422,101.68489797363281,114.96500805664061,109.1183969482422,81.51489797363281,112.15400805664063,90.91599694824218,91.36879797363281,133.61000805664062,98.72699694824219
52,119.21359862060547,86.07399780273437,89.6789969482422,118.28949862060547,104.66199780273436,99.39399694824218,105.57139862060546,102.35499780273437,82.9219969482422,109.54759862060547,87.68099780273437,113.22199694824218,91.93579862060547,80.77399780273439,93.91399694824219,95.53059862060547,105.36799780273438,103.01499694824219
53,95.25719752197266,71.0499931640625,80.6400000000001,100.96339752197265,88.1939931640625,90.52999999999997,80.86009752197266,88.3419931640625,75.75,91.15769752197265,73.71399316406249,102.74000000000001,72.75359752197265,72.0449931640625,89.30999999999995,80.40689752197265,91.3309931640625,98.03999999999996
54,87.07659779052734,72.22100024414061,60.70201220703126,94.32349779052734,90.74500024414061,73.40901220703125,82.99609779052734,92.16500024414063,52.89301220703126,75.86349779052735,74.94600024414063,84.47601220703126,60.53539779052734,78.08100024414063,60.54701220703126,68.82209779052735,97.76200024414064,71.66301220703124
55,91.40449733886719,117.66500415039062,87.24995117187495,102.64959733886718,133.90500415039062,101.0899511718751,87.12319733886719,137.29700415039062,82.35995117187508,85.04799733886719,122.81000415039063,114.28995117187492,66.93329733886719,126.56200415039064,93.21995117187498,80.5814973388672,144.40800415039064,103.85995117187508
56,80.52350330810548,68.9010008544922,69.1069969482422,80.37820330810547,84.76600085449218,73.2079969482422,68.98750330810547,77.70600085449217,57.606996948242184,71.93970330810546,73.1630008544922,84.8569969482422,59.895603308105464,64.35700085449218,69.64099694824219,59.88250330810547,86.0200008544922,72.46799694824219
57,85.66309650878907,75.35199487304686,87.08101220703122,88.10109650878906,95.60599487304688,98.6740122070313,73.60849650878906,92.92799487304688,81.4910122070313,77.03629650878906,77.76299487304686,110.46601220703121,59.89199650878906,73.50699487304686,91.2310122070312,62.52319650878906,95.68699487304687,100.92201220703123
58,104.64170137939453,84.93500573730469,74.90050076293946,110.22080137939453,103.87900573730468,88.90780076293944,94.06240137939453,102.84900573730468,72.24410076293945,95.62370137939453,83.10500573730468,102.29720076293945,75.41430137939453,86.2520057373047,80.62750076293945,83.98310137939453,108.10000573730468,96.01480076293944
59,104.461103125,78.65398950195313,64.25399999999999,106.80950312499999,95.89598950195312,74.428,95.183403125,94.88998950195312,54.41900000000001,96.887403125,81.18498950195311,85.822,77.835403125,74.16798950195312,65.83000000000001,81.910403125,97.93798950195313,75.479
6,81.5757989013672,86.50799536132811,81.906,83.06659890136719,106.19799536132811,89.443,69.11399890136718,101.51599536132812,70.21,71.87299890136718,90.58499536132811,104.207,58.69319890136719,83.19499536132813,81.652,57.926798901367185,107.40599536132814,92.904
60,87.59850330810546,90.81998559570312,78.11995117187507,93.47940330810547,110.21498559570313,85.47995117187497,78.19970330810547,108.49998559570312,70.10995117187508,81.28330330810547,95.17798559570312,98.87995117187506,61.34020330810547,96.30098559570314,81.36995117187507,71.03980330810546,116.09298559570311,90.92995117187502
61,86.5851010986328,69.40000463867187,80.73999694824218,94.2820010986328,86.49800463867189,90.85299694824218,78.78350109863281,90.53400463867189,72.5539969482422,79.75650109863281,71.83900463867187,102.80199694824219,61.81730109863281,75.69600463867187,85.2979969482422,72.83920109863281,95.66500463867189,96.58199694824219
62,83.2096989868164,94.54001342773438,74.15601220703124,86.9172989868164,118.49701342773437,82.82601220703125,70.67129898681641,110.93301342773438,64.04401220703124,76.9449989868164,102.51001342773438,99.74701220703125,53.639498986816406,92.93001342773437,81.74901220703126,61.44739898681641,121.18101342773437,86.23301220703124
63,83.23660068969727,63.82499523925782,82.8469969482422,86.88080068969727,79.77699523925781,90.92999694824219,71.64960068969727,77.90199523925781,77.1489969482422,80.10030068969726,64.2499952392578,104.04099694824218,60.67520068969726,60.903995239257824,86.85099694824218,65.41000068969727,80.7919952392578,96.03699694824219
64,93.54359733886719,53.961004150390636,97.16401220703125,101.33809733886719,76.57000415039062,108.07901220703124,80.97419733886719,75.00400415039061,90.27501220703124,90.9496973388672,59.80500415039063,123.39601220703125,69.40319733886719,55.06500415039062,107.00501220703126,74.38159733886718,79.01400415039063,115.53901220703125
65,83.09759916992188,86.71200244140624,88.7500122070312,89.85729916992187,112.79300244140626,97.42201220703123,68.87769916992187,108.10100244140625,82.86001220703122,80.64809916992188,97.49700244140624,110.70801220703129,61.91359916992187,92.03400244140624,100.22001220703123,68.62119916992188,114.42600244140624,103.05001220703127
66,101.92900330810546,79.71498559570313,92.97,109.92820330810547,92.75998559570311,106.99000000000001,94.00530330810547,99.08598559570314,87.07400000000001,95.91540330810547,79.14698559570311,116.82100000000003,73.21720330810547,80.50898559570314,98.49200000000002,84.18830330810547,102.04498559570314,113.769
67,86.90349669189453,81.29199914550782,95.12599694824218,90.99199669189453,95.9199991455078,104.7679969482422,73.79409669189454,94.59099914550782,89.15599694824218,83.56459669189454,82.38899914550782,115.08799694824219,66.03409669189453,77.58899914550781,102.1849969482422,70.35639669189453,98.11299914550781,111.50699694824218
68,112.78819880371094,97.58898681640625,87.50995117187495,114.19319880371094,111.64298681640625,98.59995117187509,104.77129880371093,114.65798681640624,78.26995117187494,100.19509880371093,96.61498681640626,106.10995117187508,87.77609880371094,94.71998681640625,80.99995117187495,90.06319880371093,117.44198681640626,94.88995117187505
69,94.98349742431641,55.37199987792968,82.28501220703129,96.9763974243164,72.22199987792968,93.1110122070312,83.9814974243164,77.4409998779297,70.64201220703126,84.0388974243164,58.072999877929675,101.5100122070312,66.50439742431641,59.2919998779297,77.33101220703122,74.64059742431641,81.90999987792969,93.74801220703125
7,97.11919760742188,93.47701123046875,60.48000000000002,100.76669760742188,107.94001123046874,66.50999999999999,89.87529760742187,105.13201123046875,49.48000000000002,89.78239760742187,97.52801123046876,77.54999999999995,71.47909760742188,90.82201123046875,61.15000000000009,81.37319760742187,116.45801123046874,66.36999999999989
70,67.11800174560547,57.15300610351562,90.13997558593746,77.42510174560547,70.95000610351562,100.7399755859376,61.37270174560547,75.86500610351561,87.21997558593739,64.75470174560547,56.955006103515615,111.30997558593754,48.817201745605466,63.439006103515624,97.52997558593756,58.17760174560547,77.15400610351563,107.9899755859376
71,104.33970046386719,117.41301245117188,93.12995117187506,111.82540046386718,136.50301245117188,99.449951171875,93.93030046386718,135.28201245117188,81.00995117187495,96.76870046386719,128.12101245117188,115.59995117187509,77.29840046386718,125.97201245117188,97.60995117187508,87.73050046386719,146.14801245117187,101.32995117187511
72,83.96199898681641,88.85201342773436,94.16299694824218,85.89299898681641,104.32201342773436,97.09099694824219,70.7327989868164,99.27601342773437,84.8439969482422,80.50689898681641,92.26001342773438,113.97699694824219,59.76239898681641,84.89401342773436,101.31899694824219,66.05819898681641,107.15901342773438,102.13099694824218
73,125.987503125,92.15898950195313,72.36099999999999,127.767603125,106.66098950195311,89.523,111.591303125,107.99898950195313,72.01499999999999,119.82150312499999,87.81798950195312,92.94800000000001,102.494303125,88.32398950195312,77.981,107.050703125,103.85298950195312,93.84700000000001
74,98.69040239257812,61.779004028320315,64.86997558593748,97.78460239257812,82.1390040283203,71.99997558593759,86.34890239257813,76.2700040283203,53.83997558593751,87.27080239257813,66.4790040283203,85.3499755859375,74.55990239257812,58.255004028320315,63.0999755859375,73.40680239257813,81.8290040283203,70.56997558593753
75,73.58869959106445,59.01299414062501,95.46300076293946,83.68839959106445,74.53099414062501,107.06400076293946,63.98779959106445,78.14599414062499,91.54700076293945,71.22679959106445,60.38999414062499,121.60000076293946,51.690799591064454,62.43499414062501,106.13400076293945,63.30519959106445,81.445994140625,117.33500076293944
76,90.3776973388672,66.82800415039063,87.1779969482422,96.91139733886719,82.49700415039064,97.4719969482422,84.75939733886719,84.00200415039063,78.34899694824219,80.89699733886718,68.56900415039061,108.81399694824219,63.781797338867186,73.15700415039063,87.84199694824218,73.4491973388672,91.29500415039064,97.56699694824219
77,84.459296875,54.306995239257816,70.447,89.816196875,71.0729952392578,79.34200000000001,76.281796875,69.93199523925782,65.168,80.021896875,57.046995239257825,90.46600000000001,63.099996875,52.189995239257826,74.566,68.644496875,73.6429952392578,82.18799999999999
78,84.5261984375,83.55998999023439,92.91209694824218,94.5160984375,99.16398999023437,105.74609694824218,76.7604984375,103.29998999023437,90.83599694824218,81.6655984375,83.64098999023437,116.31199694824218,63.1851984375,88.89698999023437,103.51329694824219,74.2053984375,105.85498999023437,113.47799694824218
79,82.12539866333007,88.37500683593751,90.225,88.39309866333008,109.0860068359375,94.58699999999999,68.61639866333007,101.23900683593749,78.32400000000001,76.06119866333007,95.47100683593749,112.98599999999999,57.66559866333008,88.85300683593749,95.92599999999999,65.63759866333008,114.1690068359375,98.346
8,101.7632989013672,62.50099536132814,92.85995117187508,103.92449890136719,75.81399536132812,100.70995117187499,90.91599890136719,76.11599536132812,82.52995117187493,92.63519890136719,62.845995361328136,111.53995117187492,79.09899890136718,57.416995361328134,95.64995117187505,82.56409890136719,77.61499536132811,103.0599511718749
80,85.4383989013672,66.71799536132812,66.564,91.80469890136719,81.65999536132813,78.43299999999999,76.53759890136719,84.24699536132812,64.807,80.19639890136719,66.48599536132812,90.38300000000001,61.59329890136719,67.11299536132813,75.43,71.39319890136719,85.50699536132814,87.078
81,88.5142005493164,64.74999645996093,85.22150076293946,93.38450054931641,82.11999645996093,91.78560076293945,78.8530005493164,78.82199645996093,77.34730076293945,83.0776005493164,70.57199645996093,106.38490076293945,67.70580054931641,67.31599645996093,90.01530076293946,73.24660054931641,84.36099645996094,95.03760076293946
82,77.82060115356445,82.08100415039061,79.49004882812505,88.69820115356445,99.20600415039061,89.14004882812492,68.85740115356445,98.55000415039063,68.89004882812492,73.86430115356445,84.74600415039063,102.93004882812511,54.70280115356445,87.80600415039063,84.6900488281251,66.17360115356445,105.36200415039062,92.74004882812505
83,86.81359622802734,77.57399377441405,98.47601220703126,96.29189622802734,91.68199377441405,102.52401220703126,80.26599622802735,92.34499377441406,88.22401220703125,85.23879622802734,84.44699377441407,115.90401220703126,69.70319622802734,84.53499377441406,102.21601220703124,80.60009622802734,99.94799377441407,104.88101220703126
84,102.66420202636719,99.93400366210938,61.6099999999999,106.72250202636718,121.39300366210938,73.57999999999993,89.91110202636719,119.54300366210938,53.210000000000036,95.91790202636719,107.41900366210936,82.25,78.0003020263672,101.80200366210937,66.83999999999992,84.90090202636719,125.84600366210938,74.31999999999994
85,84.62989916992187,79.79700244140625,73.9819969482422,93.94919916992188,100.42500244140626,82.67499694824218,73.62949916992187,98.56700244140626,65.81099694824218,79.64549916992188,88.21000244140626,97.14099694824219,59.302599169921876,87.21900244140625,83.5949969482422,69.74809916992187,107.24400244140625,85.9469969482422
86,76.73560151977539,62.23100451660156,76.1012969482422,86.4342015197754,72.78500451660156,87.05929694824219,71.5300015197754,77.05400451660157,70.72569694824219,74.21810151977539,62.641004516601555,95.87089694824219,57.01220151977539,63.59200451660155,80.03679694824218,68.12660151977539,82.62400451660156,90.09589694824218
87,89.4521973388672,58.14600415039064,90.39701220703125,93.62279733886719,74.63000415039062,96.06801220703124,78.23449733886719,75.19600415039062,82.91601220703126,86.37529733886718,63.62400415039062,109.60001220703126,66.28739733886718,61.054004150390625,97.52601220703124,74.85139733886719,80.32000415039062,102.47101220703124
88,91.23379733886719,87.12300415039061,73.38499999999999,96.90899733886718,104.46500415039063,78.249,78.31159733886719,100.27200415039061,66.042,89.99229733886719,92.82700415039062,92.549,72.15779733886718,85.97100415039063,81.72,76.99639733886718,106.68800415039061,87.061
89,77.72929953613281,45.058002807617186,76.6599969482422,86.85509953613281,53.90400280761719,86.96099694824218,73.96669953613281,63.09300280761718,72.37199694824218,72.96139953613282,41.4120028076172,98.84099694824218,54.76459953613281,51.13000280761719,82.1249969482422,71.49839953613281,66.60700280761719,95.87199694824218
9,88.96599724121094,80.72800732421874,104.15199999999999,93.66959724121094,97.00800732421874,107.053,76.66399724121094,93.64500732421874,94.875,84.41029724121094,87.08800732421875,122.44200000000001,68.62469724121094,79.87900732421875,108.63600000000002,73.23569724121094,99.64700732421875,111.09300000000002
90,79.8664005065918,78.3839991455078,82.62995117187506,81.4378005065918,89.3839991455078,95.22995117187497,70.4511005065918,91.91599914550781,78.07995117187511,73.4339005065918,72.2899991455078,101.99995117187495,60.884400506591795,73.90099914550783,81.82995117187511,61.55150050659179,88.7359991455078,96.13995117187505
91,80.8189989013672,75.34799536132812,63.20995117187499,91.44539890136718,87.62399536132813,72.49995117187495,74.73019890136719,91.99599536132811,59.889951171875055,81.0663989013672,75.98499536132812,85.82995117187511,57.05869890136719,80.51599536132812,73.10995117187508,75.64339890136719,97.37999536132813,76.82995117187511
92,90.37390220947266,82.69599975585936,74.14601220703125,99.35270220947265,100.63799975585937,84.18701220703124,85.20430220947266,98.02299975585939,66.38601220703126,85.38920220947266,85.09599975585937,97.11701220703125,65.66630220947266,86.82999975585938,79.75301220703125,76.93150220947265,107.09999975585939,91.12501220703126
93,86.0118978881836,96.72199707031251,85.92000000000007,96.3405978881836,111.41999707031249,95.84999999999991,84.3141978881836,116.71599707031251,79.49000000000001,79.95769788818359,100.5899970703125,106.86999999999989,61.4943978881836,106.40699707031251,89.02999999999997,77.4099978881836,122.08499707031251,100.53999999999996
94,98.363103125,90.52798950195313,73.85995117187508,108.658703125,104.11298950195314,81.16995117187503,90.522103125,107.28398950195313,65.29995117187491,97.071903125,95.80498950195312,93.5899511718751,77.136403125,95.40898950195313,80.65995117187504,89.361903125,114.30798950195313,86.52995117187493
95,90.75210064697265,68.70600146484375,88.87004882812494,93.60250064697266,89.59100146484374,98.26004882812504,76.88690064697266,84.15700146484374,78.550048828125,82.17640064697265,73.03000146484376,114.15004882812491,62.696600646972655,63.94000146484376,94.96004882812508,65.10970064697266,89.93000146484374,102.51004882812504
96,71.18080014038085,60.011002319335944,93.78995117187492,83.25140014038087,75.05300231933595,99.90995117187504,64.06750014038086,76.72100231933592,88.68995117187501,70.36770014038086,64.37700231933593,115.70995117187499,51.65540014038086,65.44500231933594,104.68995117187501,64.07400014038086,83.06100231933593,107.00995117187495
97,72.78780018310547,67.50999255371093,74.85299694824218,73.01880018310547,80.43399255371094,83.7379969482422,64.02560018310547,81.40899255371093,71.13899694824218,64.36820018310547,65.80799255371093,92.7249969482422,51.03480018310547,65.52399255371094,74.11599694824218,54.71620018310547,82.74099255371092,86.51299694824218
98,93.67199705810548,99.24798779296876,74.10995117187508,97.80979705810547,116.64398779296874,81.87995117187506,80.50379705810546,115.88798779296874,61.60995117187508,85.79489705810546,103.51598779296876,94.67995117187502,64.56479705810547,99.46998779296874,79.52995117187493,75.97959705810547,123.20498779296875,86.26995117187494
99,80.3893010131836,86.23200183105467,76.821,87.88480101318359,100.41100183105468,88.2465,68.82440101318359,101.7240018310547,76.8175,80.7022010131836,84.96100183105469,96.77289999999999,61.0558010131836,84.8920018310547,85.5532,70.3003010131836,102.91400183105469,95.8825
126.0,156.06935665969846,103.2620051269531,119.08598779296877,166.91595665969845,126.0960051269531,129.52498779296874,149.63075665969848,125.77800512695312,109.70098779296876,158.4060566596985,104.02800512695312,148.49398779296874,120.75645665969846,108.02100512695311,119.56698779296876,136.4385566596985,139.93200512695313,132.31398779296876
135.0,102.42630367431642,64.55701293945313,48.38997558593746,106.4112036743164,83.49201293945313,69.13997558593746,88.11450367431641,86.40301293945313,41.5999755859375,90.3160036743164,53.80701293945313,84.00997558593758,56.62090367431641,57.45801293945311,48.9599755859374,65.5941036743164,91.02001293945312,72.62997558593747
136.0,102.99040229492188,80.22901074218751,70.04995008707056,108.92520229492187,102.8500107421875,82.96995008707042,88.50310229492187,100.28101074218752,60.24995008707037,98.87400229492188,87.54401074218752,100.76995008707036,69.67860229492189,78.96101074218751,82.64995008707047,80.7370022949219,112.0870107421875,90.62995008707048
137.0,134.30615151023864,117.32098428440094,86.04600000000005,144.64475151023865,128.26298428440094,97.80200000000002,127.56385151023862,135.23698428440093,86.11199999999997,134.14855151023866,112.25198428440096,106.072,112.17095151023864,123.47698428440094,91.457,125.37625151023866,136.35398428440095,108.36400000000005
138.0,171.21570282325746,136.75252218627932,96.357,177.59970282325745,157.36552218627932,107.85300000000002,167.56690282325746,155.4755221862793,78.34,158.62180282325744,141.85752218627928,121.4,136.15430282325744,135.7885221862793,82.553,149.92460282325746,173.71852218627933,102.813
139.0,165.88766429786685,114.87299169921874,111.56997558593751,171.55496429786683,130.63599169921875,120.52997558593756,160.17116429786682,131.65699169921874,103.7399755859376,163.36956429786682,113.94499169921876,136.5899755859375,138.76796429786685,111.87499169921875,108.06997558593751,152.81396429786685,139.13899169921876,121.58997558593752
140.0,164.4473282283783,146.64877366447448,165.55997249841698,172.6080282283783,158.4037736644745,176.29997249841696,155.5599282283783,159.74977366447447,160.66997249841688,166.45242822837832,143.6937736644745,189.2599724984168,138.84782822837832,138.4847736644745,168.6299724984169,153.03342822837828,166.7967736644745,183.3999724984169
141.0,77.89060119628907,66.97599438476563,131.47700038146974,83.46150119628906,86.36399438476563,142.14400038146974,69.03670119628906,80.72299438476563,119.55700038146972,72.03880119628906,70.09999438476564,158.57100038146973,50.70500119628907,55.00799438476562,134.8410003814697,52.48160119628907,88.93499438476563,144.30600038146972
142.0,92.9626008300781,76.25206109309195,67.19099694824217,103.46480083007812,95.75706109309196,77.32199694824219,85.36960083007813,96.33806109309197,62.181996948242215,95.10660083007812,78.04506109309196,95.32999694824218,65.51740083007813,82.49506109309198,78.3869969482422,80.87330083007811,106.93106109309196,84.90299694824216
143.0,115.88130073242186,94.82998901367186,159.003,120.82600073242186,118.48498901367186,171.685,100.43070073242184,114.82498901367188,144.564,104.98720073242188,97.62198901367186,190.035,75.07500073242186,86.75898901367187,163.575,86.75590073242186,127.33998901367184,173.904
144.0,184.9184,149.05400854492189,96.80460610351564,191.3818,170.7030085449219,102.49040610351562,171.3902,165.23800854492188,78.64570610351562,177.1255,154.98100854492188,126.47700610351562,150.3585,144.07700854492185,98.7488061035156,155.0,183.11100854492187,107.28540610351564
127.0,123.5012989013672,96.07101416015624,101.94998779296884,125.7393989013672,111.05901416015624,118.19998779296884,113.6637989013672,114.75001416015624,96.01998779296878,116.0289989013672,90.84801416015624,123.94998779296886,97.9293989013672,92.99501416015624,97.4799877929688,102.0597989013672,116.19601416015624,118.64998779296867
145.0,173.18525639305113,139.76029923706056,83.20400366210939,173.70475639305113,160.77799923706056,90.05400366210938,158.84555639305114,150.33029923706056,69.66400366210937,165.36995639305113,146.51659923706055,115.18500366210937,137.15155639305112,129.59749923706056,97.16400366210937,144.14065639305113,161.2199992370605,97.18700366210936
146.0,151.1857234512329,112.1550051269531,147.19900019073486,160.2808234512329,131.02500512695312,155.1160001907349,140.77992345123292,131.10900512695312,140.56500019073485,154.9218234512329,109.38500512695312,171.83700019073487,120.6301234512329,107.77800512695312,150.6160001907349,135.3701234512329,149.56600512695312,165.74600019073486
147.0,100.31079669189452,92.07799536132814,139.12997558593747,102.50899669189454,110.47599536132812,147.75997558593758,90.45789669189452,107.99699536132812,124.54997558593756,94.35939669189452,89.47199536132811,166.9699755859374,75.16099669189452,77.32699536132813,137.26997558593757,75.46749669189452,119.35399536132812,150.4599755859374
148.0,175.83012242851254,120.20659999999998,98.79900638961792,188.05092242851256,146.409,112.79400638961792,166.91312242851254,144.65300000000002,90.22100638961793,173.21452242851257,124.672,136.5780063896179,137.23032242851255,123.0864,104.8060063896179,157.81682242851258,161.998,124.64600638961792
149.0,99.48357852101326,51.738002197265615,124.0200244140624,106.54427852101324,72.53800219726563,132.93002441406247,85.19637852101326,70.47800219726562,116.5100244140624,101.50077852101325,50.48500219726562,151.95002441406243,73.62617852101326,46.95400219726562,131.51002441406237,79.56217852101327,83.24700219726563,147.07002441406257
150.0,107.70969713134768,73.95598950195314,116.332,113.37729713134767,93.23898950195311,126.7657,98.69299713134768,95.54898950195312,104.2742,100.46279713134766,78.21398950195314,137.7353,79.93389713134768,79.75398950195313,111.477,87.85689713134765,104.68798950195313,123.4422
151.0,98.47770980944637,89.66888725495338,66.19400519752503,101.52770980944634,105.78988725495338,78.45700519752504,84.71210980944633,104.66488725495338,60.154005197525045,98.49910980944637,79.04388725495338,93.48800519752504,73.95690980944633,74.10888725495337,65.87000519752502,75.06840980944634,107.53988725495338,91.14400519752505
152.0,80.29729760742188,70.27801123046876,66.26004882812504,88.02329760742188,87.27901123046874,76.26004882812504,71.44219760742187,91.76301123046876,55.02004882812504,73.20509760742188,73.11901123046874,93.97004882812509,42.64349760742188,76.17501123046875,62.02004882812503,63.765697607421885,105.89601123046876,79.18004882812511
153.0,200.5842029296875,148.72500292968746,144.51529884366988,203.4885029296875,166.2270029296875,156.6352988436699,185.03310292968743,164.5450029296875,140.56749884366988,203.96590292968747,145.9220029296875,175.26549884366986,169.1416029296875,133.8640029296875,160.15659884366988,182.6538029296875,168.7730029296875,178.47169884366988
154.0,96.58349641113284,59.432986328125,105.47630000000002,105.92449641113282,73.412986328125,122.6906,85.89009641113282,81.06798632812499,105.08670000000002,96.22229641113282,54.360986328124994,131.5059,67.87749641113281,59.842986328125,117.1126,85.67499641113281,79.13798632812501,133.7977
155.0,166.51525238895417,128.2060107421875,88.60099389648437,171.5848523889542,151.9080107421875,98.9919938964844,153.28505238895417,147.5130107421875,79.73199389648437,161.6694523889542,131.4170107421875,116.32099389648435,135.85795238895415,126.05101074218749,92.70299389648436,144.34955238895415,154.8170107421875,102.56699389648438
156.0,117.67925848979952,103.44221991157532,301.22299762725834,123.8250584897995,116.99921991157532,317.6689976272583,106.18585848979949,117.03321991157532,303.66699762725835,122.59985848979947,90.58821991157532,326.3679976272583,90.6164584897995,91.14321991157531,306.6439976272583,100.9948584897995,116.75621991157531,327.8889976272583
157.0,89.94160340576173,68.05300585937499,75.33004882812497,108.34000340576172,87.515005859375,86.9000488281249,86.8532034057617,91.372005859375,68.38004882812491,92.11960340576172,67.96200585937501,104.46004882812484,60.19200340576171,77.009005859375,86.43004882812511,86.04650340576171,103.886005859375,100.65004882812492
158.0,98.70819908447264,84.85200317382814,113.6870061035156,105.37869908447266,106.67900317382814,121.25800610351564,90.59709908447266,102.64400317382814,98.8460061035156,90.13329908447264,89.99200317382812,140.61600610351564,67.31729908447265,83.96900317382813,111.4950061035156,76.90409908447266,120.13600317382812,123.98900610351564
159.0,107.2622036743164,64.67001293945313,123.46801220703122,110.4964036743164,84.73701293945314,130.97501220703123,96.0959036743164,79.21801293945313,111.94301220703124,107.4101036743164,67.67801293945311,150.3690122070312,80.42320367431641,56.160012939453104,124.02301220703124,85.6309036743164,92.16101293945312,135.60701220703123
160.0,103.37240385742186,81.75636160469054,68.73995088577271,108.91760385742188,93.05936160469057,76.83995088577262,94.56310385742186,94.84636160469054,60.27995088577268,101.83700385742186,80.58636160469055,88.6099508857726,79.14820385742188,78.97836160469055,68.58995088577262,88.76290385742186,104.21036160469056,78.48995088577271
161.0,82.67719862060547,66.53600952148437,69.525,84.71849862060547,86.80700952148439,84.494,65.42899862060547,83.80400952148437,64.815,82.42719862060547,55.80100952148438,100.574,50.99609862060546,58.49700952148438,73.001,54.863398620605466,90.67300952148436,96.604
162.0,182.38436274757385,108.58398803710936,76.95004882812509,185.97636274757383,135.6449880371094,89.78004882812502,171.49766274757383,124.61198803710936,59.9100488281249,174.37696274757383,113.11298803710936,107.03004882812502,154.09956274757383,102.66998803710936,75.70004882812509,153.07976274757385,133.66398803710936,84.73004882812506
163.0,91.1625025756836,77.21699658203124,97.679951171875,94.5492025756836,93.35599658203124,106.62995117187506,83.4829025756836,91.62699658203124,91.91995117187504,87.22210257568359,71.95899658203126,116.89995117187506,63.0306025756836,71.52499658203126,91.52995117187491,68.8844025756836,98.32599658203128,110.15995117187504
164.0,106.0464025756836,76.49299658203125,124.04999999999995,116.4873025756836,97.92899658203126,141.26,96.3390025756836,100.52099658203124,118.82999999999991,99.0595025756836,78.27199658203125,154.6500000000001,76.0282025756836,78.10999658203124,130.8800000000001,86.5432025756836,105.07299658203124,146.76
129.0,164.18097579956054,124.24799487304688,104.83101220703122,170.56857579956056,142.34799487304687,122.16701220703123,153.26877579956053,146.44099487304686,100.2160122070312,160.31747579956055,121.29999487304688,131.46501220703124,129.85847579956055,123.38199487304686,110.57601220703124,144.04537579956056,148.94999487304688,126.3760122070313
165.0,152.6905974975586,112.66400512695311,78.02999999999997,155.3415974975586,132.72100512695312,86.99000000000001,139.6354974975586,125.16500512695312,68.31999999999994,146.2670974975586,115.44700512695312,112.20000000000005,119.8379974975586,100.54000512695312,82.80999999999995,128.10419749755857,137.63800512695312,91.11999999999988
166.0,156.15824417152405,126.2532635345459,100.0239938964844,164.03984417152404,136.23726353454586,110.80099389648436,150.85834417152404,145.00226353454588,87.60599389648439,151.65254417152406,116.85226353454588,126.62699389648436,117.14064417152406,120.2992635345459,102.9349938964844,134.18704417152404,154.53226353454588,128.70399389648435
167.0,93.3343984375,71.49000524902344,81.01550038146972,103.5328984375,83.25100524902346,97.30100038146972,83.73509843750001,93.04600524902344,81.30200038146972,93.01729843750002,61.084005249023456,104.97400038146974,59.6126984375,71.65300524902345,87.36260038146973,80.3877984375,92.93300524902344,106.57900038146973
168.0,103.43770064697264,97.84750146484376,102.25,100.70220064697266,117.64750146484371,105.29999999999995,91.34600064697266,110.92050146484374,88.15000000000009,95.70560064697266,103.37050146484376,125.97000000000004,75.19980064697265,84.58650146484376,102.22000000000004,76.52260064697266,126.02750146484374,104.08999999999992
169.0,104.98609963378908,83.21999609375001,86.49000000000001,107.88089963378908,103.78899609375,98.23000000000002,91.35969963378906,100.70899609375,72.41000000000008,99.44859963378906,82.44899609375,122.86999999999988,70.70769963378908,66.84999609375001,79.06999999999994,75.57439963378907,117.76699609375,104.25
170.0,108.56870097656252,89.8770009765625,89.89799389648437,114.6899009765625,107.86800097656251,102.30399389648436,102.35480097656252,114.28400097656252,82.0649938964844,97.53090097656252,88.24700097656252,112.46999389648435,66.89650097656249,97.19100097656248,88.62899389648436,90.6378009765625,119.61300097656247,109.6109938964844
171.0,112.2314978881836,106.4950087890625,92.39995117187505,121.7302978881836,126.3120087890625,101.92995117187502,103.6478978881836,123.5790087890625,70.49995117187495,106.1511978881836,111.3240087890625,120.84995117187508,76.43159788818357,99.7590087890625,85.72995117187497,93.2569978881836,143.2170087890625,99.439951171875
172.0,129.51490219726563,107.00131135940552,101.38004882812491,136.1369021972656,124.70131135940552,114.1600488281249,118.00590219726564,124.65331135940548,97.73004882812508,131.70210219726562,102.03431135940548,127.77004882812504,98.9256021972656,102.3553113594055,105.9100488281249,114.13770219726564,132.16731135940552,122.050048828125
173.0,92.40030377197267,68.03600622558594,84.52999999999997,97.23670377197266,78.62300622558594,97.61999999999988,84.96040377197265,85.90300622558593,78.94000000000005,87.00050377197266,61.24500622558594,105.49,66.31300377197266,63.933006225585935,80.96000000000004,74.17860377197266,86.68000622558594,101.99
174.0,136.21729945068358,91.06600708007814,93.17995117187502,136.8618994506836,120.38500708007813,100.06995117187488,121.7514994506836,110.75500708007812,70.73995117187496,121.7510994506836,103.12400708007812,120.48995117187496,99.9645994506836,84.90800708007815,92.26995117187494,103.4854994506836,122.86800708007812,95.06995117187488
130.0,100.31130036621092,58.36298510742188,93.84004882812496,106.05000036621094,71.18098510742186,108.7100488281251,89.87270036621094,74.47998510742187,90.89004882812492,101.33390036621094,50.64298510742188,120.17004882812488,74.49620036621094,51.66498510742187,90.16004882812491,81.67980036621093,77.53198510742189,116.07004882812498
175.0,172.82860747528076,107.52399487304687,124.71000000000002,178.83150747528077,130.16499487304688,144.4000000000001,160.70430747528076,131.52699487304687,123.49,167.98840747528072,104.01399487304688,158.30999999999997,130.01310747528078,107.35299487304688,131.54999999999995,148.39660747528075,133.04999487304687,153.8900000000001
176.0,116.66009825439454,70.7419938964844,66.3099511718749,120.76909825439454,89.95699389648436,75.59995117187509,105.26579825439453,85.9909938964844,53.57995117187511,108.51989825439452,76.11999389648437,95.50995117187496,81.56879825439454,58.92599389648439,75.46995117187498,89.30489825439454,98.1999938964844,82.57995117187512
177.0,104.3280979736328,77.04500805664063,57.860024414062536,104.9920979736328,91.02100805664062,71.60002441406255,94.8560979736328,95.3770080566406,49.86002441406254,94.1118979736328,70.52600805664062,84.2900244140626,68.3822979736328,66.63600805664063,49.08002441406256,77.07899797363281,99.60500805664064,79.53002441406261
178.0,116.83069774169924,71.22100537109375,69.02997558593756,121.8183977416992,90.19100537109377,81.19997558593741,106.95199774169922,90.65000537109376,59.02997558593757,109.35949774169922,66.93700537109375,96.39997558593744,82.94809774169921,65.90200537109374,60.34997558593749,88.41519774169922,103.73300537109375,86.76997558593757
179.0,159.06149718933105,137.31147579956055,146.53801145601273,160.83579718933106,159.18647579956055,158.21301145601274,138.90759718933106,154.50147579956055,140.17501145601275,154.91329718933105,137.05547579956055,177.4660114560127,130.18379718933105,130.01447579956056,161.2680114560127,132.12269718933106,160.30547579956055,174.38001145601274
180.0,110.4321979736328,74.00500805664063,95.56099389648436,116.25169797363282,86.55800805664062,104.14199389648437,102.9412979736328,89.86100805664061,85.59299389648439,107.0801979736328,69.0380080566406,122.26799389648436,80.1251979736328,64.35400805664062,97.14999389648438,94.4431979736328,102.0480080566406,113.30499389648438
131.0,174.73640476112368,147.80899169921875,114.91001220703129,176.77240476112365,168.58899169921875,117.36001220703132,163.19940476112365,162.65399169921875,100.42001220703128,171.5613047611237,156.69599169921875,141.79001220703117,138.45070476112366,138.64499169921876,121.84001220703136,150.05520476112366,181.1779916992188,128.57001220703114
132.0,86.30749967651367,49.98900512695312,146.3670102043152,90.50929967651368,68.07700512695311,155.2900102043152,74.73729967651367,64.66600512695314,140.22201020431518,88.81469967651368,47.463005126953135,170.8110102043152,63.12759967651368,42.213005126953135,148.2530102043152,68.45509967651367,70.03500512695314,161.7310102043152
133.0,166.39205938262938,134.81399487304688,115.8599999999999,169.8272593826294,150.6729948730469,133.46000000000004,156.4443593826294,157.19899487304687,110.86999999999988,157.07835938262943,127.94099487304686,141.6400000000001,130.2814593826294,132.32299487304687,112.18000000000006,137.2037593826294,159.11999487304686,139.6400000000001
